<?xml version="1.0"?>
<pagescount>
	<html_total>4</html_total>
	<html_done>4</html_done>
	<images>5</images>
	<script>7</script>
	<css>4</css>
	<pdf/>
	<documents/>
	<excel/>
	<powerpoint/>
	<flash/>
	<audios/>
	<videos/>
	<xml/>
	<json/>
	<txt/>
	<autocad/>
	<model_3d/>
	<fonts>4</fonts>
	<scraping_reload>1</scraping_reload>
	<is_pretty_url>false</is_pretty_url>
	<has_trailing_slash>false</has_trailing_slash>
	<is_ebn>false</is_ebn>
	<email>baboyas318@vasteron.com</email>
	<theme_name>WmdTheme881027</theme_name>
	<server_url_front_page>https://www6.waybackmachinedownloader.com/wdo/files/demo/kguza.net_baboyas318_vasteron.com_7zyl70jl0t/</server_url_front_page>
	<no_www_url>kguza.net</no_www_url>
	<hosted_domain/>
	<original_archive_url>https://www.kguza.net/</original_archive_url>
	<final_archive_url>https://www.kguza.net/</final_archive_url>
	<front_page_code_date/>
	<total_urls_from_api/>
	<max_reached_live>false</max_reached_live>
	<scrape_other_captures>false</scrape_other_captures>
	<total_size>2004</total_size>
</pagescount>
